"","x"
"1","#7E3A08"
"2","#FDB96A"
"3","#589B28"
"4","#5CA2CB"
"5","#2B73B2"
"6","#F36B43"
"7","#F99455"
"8","#FAECD9"
"9","#71B0D2"
"10","#F9C5AB"
"11","#EFF6E5"
"12","#C32A4A"
"13","#F99756"
"14","#AE106B"
"15","#FDCD8F"
"16","#86C04A"
"17","#C72026"
"18","#71004F"
"19","#7C3A0A"
"20","#442227"
"21","#FBB45E"
"22","#F7834D"
"23","#F4AA89"
"24","#BEE379"
"25","#F5C6E2"
"26","#E8E9F1"
"27","#286FB1"
"28","#B65B07"
"29","#FDDC88"
"30","#B6AFD4"
"31","#08366A"
"32","#F6C9E3"
"33","#FEF3AB"
"34","#07753E"
"35","#D2D3E7"
"36","#A8A0CB"
"37","#48AE5B"
"38","#FDB567"
"39","#F99455"
"40","#5FA4CC"
"41","#6AAA34"
"42","#877BB1"
"43","#7BCAA4"
"44","#FBE9D0"
"45","#C41A7C"
"46","#A80C44"
"47","#DC7E12"
"48","#DCF090"
"49","#6EC063"
"50","#99CD61"
"51","#6EAED1"
"52","#C4E67D"
"53","#FCFDBB"
"54","#EA9631"
"55","#4CA5B0"
"56","#E27D63"
"57","#5C9E2A"
"58","#FEEC9F"
"59","#FDD49F"
"60","#B41A47"
"61","#D04392"
"62","#FEEA9D"
"63","#FBA45C"
"64","#F6B496"
"65","#549826"
"66","#DADCEB"
"67","#F9ECE5"
"68","#327CB7"
"69","#D5D6E9"
"70","#4B9020"
"71","#DEF1C3"
"72","#EFF0F4"
"73","#2F382B"
"74","#DA372A"
"75","#872059"
"76","#7DBA3F"
"77","#7B0050"
"78","#F7F3F0"
"79","#F4A784"
"80","#B9E176"
"81","#FCDCC8"
"82","#C8E0ED"
"83","#3C2B28"
"84","#59004E"
"85","#3A7B1D"
"86","#C84540"
"87","#FDCB8A"
"88","#4B1E7A"
"89","#F9D4E9"
"90","#DBF09A"
"91","#36771C"
"92","#30A355"
"93","#BBE28A"
"94","#FBE5F0"
"95","#3C8ABE"
"96","#58A0CA"
"97","#E04F4A"
"98","#BB6008"
"99","#FDCF7C"
"100","#EAF1F4"
"101","#C0E494"
"102","#7CC765"
"103","#138C4A"
"104","#D67810"
"105","#FDD7A4"
"106","#0C7E42"
"107","#5D378F"
"108","#C21C26"
"109","#FDBE70"
"110","#F8F0E4"
"111","#FDD094"
"112","#FCDFEE"
"113","#3F3536"
"114","#B4DF73"
"115","#BB1526"
"116","#3389BC"
"117","#F5F6F4"
"118","#654495"
"119","#FDB466"
"120","#CD364D"
"121","#FBDBEC"
"122","#CA2326"
"123","#770050"
"124","#DFF194"
"125","#803C07"
"126","#F9EFE2"
"127","#BDE38F"
"128","#4098B6"
"129","#AD1245"
"130","#FCE5C4"
"131","#D67911"
"132","#42851E"
"133","#FDC977"
"134","#73C264"
"135","#E9EAF1"
"136","#2369AD"
"137","#674998"
"138","#3B92B8"
"139","#FCDBC7"
"140","#FCE1EF"
"141","#B75B07"
"142","#8ED1A4"
"143","#FDE0B6"
"144","#5855A5"
"145","#74C364"
"146","#74367A"
"147","#6B004F"
"148","#2D3343"
"149","#3780B9"
"150","#B31947"
"151","#E08214"
"152","#C41D26"
"153","#513629"
"154","#2B3345"
"155","#F9EAE1"
"156","#FCD9C5"
"157","#FEF5AE"
"158","#8ACC66"
"159","#EDF5E1"
"160","#7F3B07"
"161","#F9B159"
"162","#A50026"
"163","#E85A47"
"164","#7BB83E"
"165","#BEE390"
"166","#D97C12"
"167","#634194"
"168","#D87B11"
"169","#D02926"
"170","#D52E26"
"171","#B05606"
"172","#C51D7E"
"173","#FDB768"
"174","#EF9979"
"175","#9BD6A4"
"176","#EB5F46"
"177","#94D4A4"
"178","#AE162A"
"179","#2F004B"
"180","#B5DF74"
"181","#B91573"
"182","#A30743"
"183","#D6D7E9"
"184","#FBE1D2"
"185","#A44F06"
"186","#449DB4"
"187","#C7E89E"
"188","#FEFEBE"
"189","#FEFCBB"
"190","#B6202E"
"191","#19974F"
"192","#D5E7F0"
"193","#D47610"
"194","#E590BF"
"195","#E37E64"
"196","#66C2A4"
"197","#B5E1A1"
"198","#DB392B"
"199","#138B49"
"200","#E4F498"
"201","#C92226"
"202","#E080B4"
"203","#FEFAB7"
"204","#80C865"
"205","#DC6E58"
"206","#B15706"
"207","#DF422F"
"208","#F6FBB2"
"209","#F1B9DB"
"210","#B1116D"
"211","#79B73D"
"212","#F09D7C"
"213","#FBA35C"
"214","#E34A32"
"215","#F47145"
"216","#88CFA4"
"217","#B7B1D5"
"218","#F5C4E1"
"219","#4E362B"
"220","#9CD468"
"221","#B8E2A1"
"222","#459EB3"
"223","#ECF5DF"
"224","#9B1027"
"225","#9CD7A4"
"226","#E796C4"
"227","#F7F3F1"
"228","#1E492F"
"229","#9E1127"
"230","#5D9F2B"
"231","#83C966"
"232","#DC6FAA"
"233","#CA324C"
"234","#66BD63"
"235","#CD4E44"
"236","#FDB966"
"237","#D4ED9B"
"238","#6FC164"
"239","#9A0B38"
"240","#F7F4F6"
"241","#E0E2EE"
"242","#FDBF6F"
"243","#BDE379"
"244","#FAE7F1"
"245","#E79029"
"246","#FDD6A2"
"247","#FBE4D6"
"248","#B1DC7D"
"249","#A10442"
"250","#FDC575"
"251","#E899C5"
"252","#246AAE"
"253","#E6F599"
"254","#673818"
"255","#FDE1B9"
"256","#ABA4CD"
"257","#C2660A"
"258","#F88B50"
"259","#CBEA9D"
"260","#4D207D"
"261","#F3BDDD"
"262","#2C75B3"
"263","#8CC451"
"264","#E8F0F4"
"265","#B3E0A2"
"266","#C4DEEC"
"267","#C1BEDC"
"268","#E4F4CE"
"269","#35A556"
"270","#F7F3F5"
"271","#390C5F"
"272","#3E8CBF"
"273","#56B55F"
"274","#A90D44"
"275","#0B7C41"
"276","#F6F6F5"
"277","#337EB8"
"278","#B71472"
"279","#ED5F3C"
"280","#FEFAB8"
"281","#551123"
"282","#FDB567"
"283","#F88B50"
"284","#9F0242"
"285","#FEEC9F"
"286","#2E77B4"
"287","#F46E43"
"288","#64BFA5"
"289","#4594C3"
"290","#FBFDB9"
"291","#DDDEEC"
"292","#FEE99B"
"293","#79B5D5"
"294","#FCAC60"
"295","#E8F5D4"
"296","#3D94B7"
"297","#988EBE"
"298","#1D5EA2"
"299","#F4A886"
"300","#F9ECE4"
"301","#276EB0"
"302","#68A932"
"303","#FCDAC6"
"304","#ED6245"
"305","#FCE2EF"
"306","#D7EE8A"
"307","#CE710E"
"308","#C13639"
"309","#AF1346"
"310","#77C8A4"
"311","#6CC4A4"
"312","#2064A9"
"313","#F9FCB6"
"314","#77C464"
"315","#FAE5D9"
"316","#F5FBB0"
"317","#F7854E"
"318","#745FA2"
"319","#47004C"
"320","#FDD9A9"
"321","#F47245"
"322","#F7CEE6"
"323","#532687"
"324","#CCE2EE"
"325","#4DB05C"
"326","#694C99"
"327","#3E801D"
"328","#69001F"
"329","#F5F6F2"
"330","#FBE4F0"
"331","#CD700E"
"332","#BCB7D8"
"333","#AED3E6"
"334","#33731B"
"335","#7662A4"
"336","#ED9A38"
"337","#978CBD"
"338","#EDEDF3"
"339","#F5C7E2"
"340","#F5F6F6"
"341","#D53E4E"
"342","#F0B4D9"
"343","#CE3E8F"
"344","#67A832"
"345","#C43C3C"
"346","#9E085F"
"347","#599C28"
"348","#FDC47C"
"349","#EE9878"
"350","#41841E"
"351","#FDD17E"
"352","#D3E6F0"
"353","#FBA05A"
"354","#E6F5D1"
"355","#2DA154"
"356","#FBCFB8"
"357","#F5FBB2"
"358","#F16943"
"359","#A6D570"
"360","#3D7E1D"
"361","#F0F6E8"
"362","#F0F3F5"
"363","#B2ABD2"
"364","#911547"
"365","#69AA33"
"366","#F0F1F4"
"367","#E7F5D2"
"368","#114883"
"369","#F5F6F3"
"370","#16518F"
"371","#FDE2BD"
"372","#276419"
"373","#EC6145"
"374","#C72E4B"
"375","#07763E"
"376","#F7FBB3"
"377","#931344"
"378","#6E3C85"
"379","#E8912B"
"380","#8CD1A4"
"381","#0E8345"
"382","#9B4B06"
"383","#439BB4"
"384","#6ABE63"
"385","#8A7FB4"
"386","#276EB0"
"387","#CFEBAC"
"388","#8275AD"
"389","#4C9120"
"390","#CB3289"
"391","#FDCE91"
"392","#EC9936"
"393","#7FBC41"
"394","#D9DBEB"
"395","#D864A4"
"396","#F0B5D9"
"397","#4A8E20"
"398","#128A49"
"399","#CC368B"
"400","#C61F7F"
"401","#2A6719"
"402","#FDC57E"
"403","#FAE9D1"
"404","#ECF7A1"
"405","#E3891E"
"406","#FBA65D"
"407","#D8EF9A"
"408","#D0EB85"
"409","#CCE982"
"410","#E44C34"
"411","#910254"
"412","#FCD8C3"
"413","#F4A84C"
"414","#F8F0EC"
"415","#036E3A"
"416","#97C7DF"
"417","#BD6209"
"418","#45004C"
"419","#96D5A4"
"420","#B3DE80"
"421","#F8D0E7"
"422","#C11979"
"423","#B4AED3"
"424","#77B53B"
"425","#A1D26B"
"426","#F9EDF3"
"427","#B41370"
"428","#CF4291"
"429","#AADCA4"
"430","#FDFEBD"
"431","#AD5406"
"432","#8E83B7"
"433","#CB2426"
"434","#B20C26"
"435","#486BAF"
"436","#552989"
"437","#F2F9AE"
"438","#DFF2C5"
"439","#F2BADC"
"440","#BC1676"
"441","#E98C6F"
"442","#D22B26"
"443","#FDD9A7"
"444","#2E6C1A"
"445","#2E78B5"
"446","#392D29"
"447","#C1DCEB"
"448","#FDB668"
"449","#8579B0"
"450","#350858"
"451","#BF2549"
"452","#DE78AF"
"453","#AAA3CC"
"454","#DE745C"
"455","#5658A6"
"456","#F8EEE7"
"457","#DFECF2"
"458","#8AC34E"
"459","#863F07"
"460","#FEE492"
"461","#4AAF5C"
"462","#D65A9F"
"463","#CA3088"
"464","#D83328"
"465","#6AC3A4"
"466","#5F4D9E"
"467","#EDEEF3"
"468","#EA9530"
"469","#1C5DA0"
"470","#EBF5DC"
"471","#FEE28F"
"472","#BFDCEB"
"473","#FA9D59"
"474","#F88F52"
"475","#3B7C1D"
"476","#066135"
"477","#ED5E3C"
"478","#D6E7F0"
"479","#8D1A4F"
"480","#FAE7DC"
"481","#F67C4A"
"482","#5D004E"
"483","#FEEB9E"
"484","#D8EFBA"
"485","#A20643"
"486","#7BB6D6"
"487","#DDDFED"
"488","#DD3D2D"
"489","#F3A648"
"490","#9D0832"
"491","#FEE18E"
"492","#5B9D2A"
"493","#C86C0C"
"494","#FDBE6F"
"495","#FDB96A"
"496","#FCAC60"
"497","#531323"
"498","#7C0622"
"499","#FA9A57"
"500","#5F3A91"
"501","#9A90BF"
"502","#C62180"
"503","#EEF7A7"
"504","#E4E5EF"
"505","#C82783"
"506","#F6FBB3"
"507","#D8E8F1"
"508","#CC6F0D"
"509","#BCE278"
"510","#A49CC7"
"511","#5AA1CB"
"512","#E25349"
"513","#8D4307"
"514","#F6B698"
"515","#4D004D"
"516","#EA5839"
"517","#FEFCBA"
"518","#D9E9F1"
"519","#4F9422"
"520","#E9F5A1"
"521","#F6FBB1"
"522","#FDBC6B"
"523","#511524"
"524","#ECEDF2"
"525","#FCDECC"
"526","#5B348E"
"527","#E89AC6"
"528","#DFF299"
"529","#06733D"
"530","#FEE899"
"531","#E85B47"
"532","#41146A"
"533","#E5EEF3"
"534","#750050"
"535","#FEF6B0"
"536","#F9FCB7"
"537","#9A065B"
"538","#21324C"
"539","#D8434D"
"540","#5757A5"
"541","#C2BFDC"
"542","#479FB3"
"543","#DEEBF2"
"544","#DD4A4B"
"545","#E58468"
"546","#C7423F"
"547","#3B7BB7"
"548","#1B5B9D"
"549","#FBD4BE"
"550","#FBE7C9"
"551","#CFEB9C"
"552","#FDB264"
"553","#60A22D"
"554","#498D20"
"555","#563725"
"556","#4DA6B0"
"557","#256CAF"
"558","#F57A49"
"559","#A0042D"
"560","#E1F296"
"561","#EBA4CE"
"562","#D93429"
"563","#EBF7A0"
"564","#529CC8"
"565","#BE1826"
"566","#61A5CD"
"567","#FDBC6D"
"568","#FAEBD5"
"569","#D23B4E"
"570","#B6E074"
"571","#735DA1"
"572","#713911"
"573","#A7D672"
"574","#3C3538"
"575","#A90D67"
"576","#ECF1F5"
"577","#DAEFBD"
"578","#CC2526"
"579","#C3E69F"
"580","#5EA02C"
"581","#FBFDB8"
"582","#7F0050"
"583","#59B75F"
"584","#AF116C"
"585","#F7F4F0"
"586","#CDE983"
"587","#FEF7B2"
"588","#C3E698"
"589","#35312A"
"590","#C8E8A0"
"591","#FDCA78"
"592","#EA5D46"
"593","#F6B293"
"594","#F2F3F5"
"595","#B85C07"
"596","#D1394E"
"597","#A2D36C"
"598","#98CC5F"
"599","#770521"
"600","#097940"
"601","#9086B8"
"602","#DA6AA7"
"603","#B71126"
"604","#FEF9B5"
"605","#BFBBDA"
"606","#69BE63"
"607","#8D0051"
"608","#F46D43"
"609","#F3FAAC"
"610","#E2F3C9"
"611","#8ECE67"
"612","#F99756"
"613","#F6B191"
"614","#368DBA"
"615","#A5CEE3"
"616","#A3CDE2"
"617","#F7F5F4"
"618","#BEDBEA"
"619","#EA8F71"
"620","#EDF7A6"
"621","#462026"
"622","#FEE898"
"623","#63A42F"
"624","#E54D34"
"625","#4B1C25"
"626","#F57446"
"627","#37781C"
"628","#D2EC9C"
"629","#3E1166"
"630","#EBF6A4"
"631","#38A657"
"632","#D86450"
"633","#43AC5A"
"634","#F6804B"
"635","#CFCFE5"
"636","#E48CBC"
"637","#5EB9A8"
"638","#F3BFDE"
"639","#88C24D"
"640","#FDD096"
"641","#370A5B"
"642","#FDB365"
"643","#9FD168"
"644","#FEFDBC"
"645","#DCDEEC"
"646","#E0ECF2"
"647","#C31A7B"
"648","#276419"
"649","#DEEBF2"
"650","#FEE390"
"651","#24432E"
"652","#D6404E"
"653","#8B4207"
"654","#FAE9F2"
"655","#DF7BB0"
"656","#EAF0F4"
"657","#9BCE63"
"658","#F8BEA2"
"659","#92D067"
"660","#358CBB"
"661","#FDD27F"
"662","#3F97B6"
"663","#579A27"
"664","#6BBF63"
"665","#522585"
"666","#FDBB69"
"667","#EC5D3B"
"668","#2B3C2C"
"669","#006837"
"670","#CBE2EE"
"671","#C8C7E1"
"672","#F6F6F6"
"673","#0D8043"
"674","#FAEAD3"
"675","#F9C3A8"
"676","#EC9835"
"677","#4A1D79"
"678","#DEE0ED"
"679","#D14995"
"680","#BAE3A0"
"681","#63004E"
"682","#F8AF55"
"683","#730050"
"684","#3287BC"
"685","#600620"
"686","#E7E8F0"
"687","#9F4C06"
"688","#E6F49E"
"689","#F3C0DF"
"690","#FEEA9C"
"691","#401369"
"692","#05713C"
"693","#743A0F"
"694","#E65848"
"695","#F0A142"
"696","#CD2626"
"697","#C9E881"
"698","#E9EAF1"
"699","#FDE1BB"
"700","#FDB668"
"701","#DBF08F"
"702","#0F3059"
"703","#9BC9E0"
"704","#FAE9F2"
"705","#4A68AE"
"706","#B55A06"
"707","#F7884F"
"708","#CE5045"
"709","#148D4A"
"710","#B4E0A2"
"711","#FBE6F1"
"712","#F26941"
"713","#9489BB"
"714","#2F6E1A"
"715","#EAF5DA"
"716","#FAEAF2"
"717","#832561"
"718","#93C5DE"
"719","#F2F9AB"
"720","#F9C6AC"
"721","#E44B33"
"722","#BFE37A"
"723","#CE3C8E"
"724","#85C048"
"725","#F2A27F"
"726","#026C39"
"727","#3A7CB7"
"728","#E284B7"
"729","#FDC977"
"730","#F4FAAE"
"731","#CB348A"
"732","#BC2C34"
"733","#AA0426"
"734","#C82126"
"735","#582E8B"
"736","#350857"
"737","#E58C23"
"738","#F2F6EC"
"739","#B1DFA2"
"740","#BDDAEA"
"741","#77B4D5"
"742","#195898"
"743","#0D3F76"
"744","#66A731"
"745","#833D07"
"746","#FDD783"
"747","#8BC0DB"
"748","#F4C1DF"
"749","#FA9C59"
"750","#867AB1"
"751","#37343B"
"752","#812763"
"753","#E27B62"
"754","#70C6A4"
"755","#F6AB51"
"756","#FDC681"
"757","#B9E2A1"
"758","#840923"
"759","#C92B85"
"760","#F89053"
"761","#31004B"
"762","#F0F0F4"
"763","#31701B"
"764","#EBA3CD"
"765","#4F1724"
"766","#B2ACD2"
"767","#85BCD9"
"768","#EDF8A3"
"769","#F9C4AA"
"770","#EDF2F5"
"771","#72B1D3"
"772","#930E26"
"773","#D966A5"
"774","#CDEAA7"
"775","#82CDA4"
"776","#2C6A1A"
"777","#E68E26"
"778","#F5AA4F"
"779","#402728"
"780","#B0A8D0"
"781","#F67C4A"
"782","#F46D43"
"783","#AB1045"
"784","#D15749"
"785","#E68D24"
"786","#7EC765"
"787","#D55F4C"
"788","#FEEA9D"
"789","#A0D9A4"
"790","#466DB0"
"791","#BA1426"
"792","#1C9950"
"793","#52ACAD"
"794","#35761C"
"795","#FDC177"
"796","#90C755"
"797","#5D3820"
"798","#644295"
"799","#DB6B56"
"800","#F9EBE3"
"801","#C11B26"
"802","#300351"
"803","#590D22"
"804","#7ECBA4"
"805","#49A1B2"
"806","#EBF1F4"
"807","#FDD683"
"808","#7F0722"
"809","#463530"
"810","#F7F2EF"
"811","#FDBC6D"
"812","#6B011F"
"813","#E5F498"
"814","#FA9C58"
"815","#F3A380"
"816","#FBD1BB"
"817","#FDCC7A"
"818","#FDBF6F"
"819","#FAECD8"
"820","#8E0152"
"821","#B71C47"
"822","#790521"
"823","#AF0926"
"824","#664797"
"825","#06743D"
"826","#4B67AD"
"827","#B00A26"
"828","#DD73AC"
"829","#F57647"
"830","#FDBD6E"
"831","#FCDECD"
"832","#163153"
"833","#09783F"
"834","#BF3338"
"835","#8FD2A4"
"836","#E9F69E"
"837","#42AB5A"
"838","#BAE189"
"839","#34A456"
"840","#D2ECB1"
"841","#F9ECF3"
"842","#D3D4E8"
"843","#E75136"
"844","#5DA3CC"
"845","#F36C43"
"846","#61BA61"
"847","#F57848"
"848","#E6E7F0"
"849","#46AD5B"
"850","#8BD0A4"
"851","#D0730F"
"852","#535CA8"
"853","#263248"
"854","#CBCAE2"
"855","#90C4DD"
"856","#9F96C3"
"857","#7B6BA8"
"858","#E6F49D"
"859","#BD2F35"
"860","#FDCA78"
"861","#710320"
"862","#B0DD70"
"863","#76B3D4"
"864","#ECA7CF"
"865","#F1F9AA"
"866","#7AB83D"
"867","#046335"
"868","#950E26"
"869","#3D79B6"
"870","#49004D"
"871","#EBA2CC"
"872","#890051"
"873","#A9D0E4"
"874","#E9942E"
"875","#EB5B3B"
"876","#FAE8DD"
"877","#B21746"
"878","#53004D"
"879","#F19F7D"
"880","#E0F2C6"
"881","#EAF5DB"
"882","#F1F9AD"
"883","#91D2A4"
"884","#317CB7"
"885","#FAEBD7"
"886","#FCDEEE"
"887","#42156D"
"888","#491C77"
"889","#AC0626"
"890","#AB0E68"
"891","#F4F6F1"
"892","#713980"
"893","#FDBE6F"
"894","#A30128"
"895","#C92D86"
"896","#0B7D42"
"897","#2D76B4"
"898","#219B51"
"899","#F09C7B"
"900","#F1F9A9"
"901","#810051"
"902","#15904C"
"903","#DB6BA8"
"904","#135432"
"905","#7560A3"
"906","#246BAE"
"907","#C6C4DF"
"908","#DF412E"
"909","#C51E26"
"910","#830051"
"911","#512483"
"912","#8BCD67"
"913","#F16740"
"914","#F9EEDF"
"915","#DDEAF2"
"916","#DF4E4A"
"917","#FEF7B2"
"918","#7B0622"
"919","#2267AC"
"920","#873F07"
"921","#68438F"
"922","#FEFAB8"
"923","#E2EDF3"
"924","#0C7F43"
"925","#CF5346"
"926","#DBEAF1"
"927","#904407"
"928","#451870"
"929","#F7CDE5"
"930","#95CA5C"
"931","#C0640A"
"932","#773275"
"933","#3682BA"
"934","#B2126E"
"935","#F2F2F5"
"936","#380B5C"
"937","#960F26"
"938","#AE0826"
"939","#EFF8A9"
"940","#FEE18C"
"941","#CEEA83"
"942","#6B3F8A"
"943","#D65CA0"
"944","#ADDC6E"
"945","#FDAE61"
"946","#89BFDB"
"947","#6B4F9B"
"948","#4E9AC7"
"949","#B1172A"
"950","#A4CEE3"
"951","#3B004C"
"952","#4D99C6"
"953","#B10B26"
"954","#522586"
"955","#5F004E"
"956","#4199B5"
"957","#BDB8D9"
"958","#C8E89E"
"959","#CAE8A3"
"960","#17924D"
"961","#F1F9AC"
"962","#4E217E"
"963","#F6C8E3"
"964","#FEF8B4"
"965","#443532"
"966","#F99354"
"967","#F47145"
"968","#F7844D"
"969","#F7F4F2"
"970","#F78950"
"971","#7865A5"
"972","#B31B2C"
"973","#279E53"
"974","#D5EE9B"
"975","#944607"
"976","#08773F"
"977","#DB6DA9"
"978","#614B9C"
"979","#A097C4"
"980","#DA6A55"
"981","#98D368"
"982","#40821E"
"983","#D5EDB5"
"984","#970E3D"
"985","#950458"
"986","#FDDE8A"
"987","#0D4078"
"988","#9BD468"
"989","#F9EDDB"
"990","#41004C"
"991","#A299C6"
"992","#FAE8F2"
"993","#FDB163"
"994","#F0F9A7"
"995","#8CCD67"
"996","#CEEB9C"
"997","#F9EFE0"
"998","#2971B2"
"999","#ED6345"
"1000","#D7D9EA"
"1001","#16914C"
"1002","#C72381"
"1003","#88CC66"
"1004","#9ED7A4"
"1005","#E7E8F1"
"1006","#FBA25B"
"1007","#D05447"
"1008","#F67F4B"
"1009","#70C164"
"1010","#E8F5A0"
"1011","#F9EEDE"
"1012","#0F5833"
"1013","#B61471"
"1014","#30034F"
"1015","#DD4B4B"
"1016","#FDB864"
"1017","#8FCF67"
"1018","#930356"
"1019","#3581BA"
"1020","#E55748"
"1021","#F9EDE6"
"1022","#016A38"
"1023","#D34F98"
"1024","#CF4090"
"1025","#DE77AE"
"1026","#81CCA4"
"1027","#EEF8A8"
"1028","#E2EDF3"
"1029","#FBB55F"
"1030","#BAE176"
"1031","#1C5C9E"
"1032","#124A86"
"1033","#5659A6"
"1034","#E3F398"
"1035","#A1CCE2"
"1036","#E389BA"
"1037","#FDB062"
"1038","#B2D5E7"
"1039","#78C565"
"1040","#572C8A"
"1041","#FAEBF2"
"1042","#674492"
"1043","#CF720E"
"1044","#FEF3AC"
"1045","#FDDA86"
"1046","#408FC1"
"1047","#FEE08B"
"1048","#E1F398"
"1049","#63BEA6"
"1050","#EFF3F5"
"1051","#468A1F"
"1052","#F99354"
"1053","#3D7F1D"
"1054","#F7F5F2"
"1055","#FCFEBC"
"1056","#FDD380"
"1057","#144C89"
"1058","#A5DAA4"
"1059","#FEFEBD"
"1060","#65A9CE"
"1061","#E8F59B"
"1062","#7A6AA7"
"1063","#DBE9F1"
"1064","#D4539A"
"1065","#D1740F"
"1066","#3F811E"
"1067","#F16844"
"1068","#F1B6DA"
"1069","#87CEA4"
"1070","#D77A11"
"1071","#FBE2D3"
"1072","#E35449"
"1073","#6AACD0"
"1074","#FDD8A6"
"1075","#FEFBB9"
"1076","#DF4D4B"
"1077","#994906"
"1078","#C5E69B"
"1079","#2B6919"
"1080","#FDB264"
"1081","#115632"
"1082","#9C0935"
"1083","#D1D2E6"
"1084","#D32C26"
"1085","#C2E57C"
"1086","#BA1574"
"1087","#E18417"
"1088","#FEE898"
"1089","#372F29"
"1090","#3D004C"
"1091","#E183B6"
"1092","#98C8DF"
"1093","#86BDDA"
"1094","#D57710"
"1095","#9D1127"
"1096","#82C966"
"1097","#FDD198"
"1098","#EFB2D7"
"1099","#F6804B"
"1100","#D1E5F0"
"1101","#FAFDB9"
"1102","#FDDB87"
"1103","#F57747"
"1104","#FDCF7C"
"1105","#FDCA88"
"1106","#2F024E"
"1107","#F6AC52"
"1108","#F9EEF4"
"1109","#BAD9E9"
"1110","#A11228"
"1111","#E7F59A"
"1112","#F1F4F5"
"1113","#E18519"
"1114","#397DB8"
"1115","#545BA8"
"1116","#FEF7B1"
"1117","#934607"
"1118","#FBE2D4"
"1119","#F47044"
"1120","#A41328"
"1121","#A40B63"
"1122","#FCAA5F"
"1123","#FDD582"
"1124","#76C8A4"
"1125","#37004B"
"1126","#E9F5D7"
"1127","#AF5506"
"1128","#9287B9"
"1129","#BF6309"
"1130","#FDAF62"
"1131","#FEF1A8"
"1132","#BD2449"
"1133","#D7E7F1"
"1134","#FCDDCB"
"1135","#6FAF37"
"1136","#7EB8D7"
"1137","#A85206"
"1138","#E75947"
"1139","#EFF6E4"
"1140","#6F559E"
"1141","#FEE593"
"1142","#83BE45"
"1143","#EDABD2"
"1144","#E1F2C8"
"1145","#F88C51"
"1146","#4C362D"
"1147","#FEEB9E"
"1148","#CB334C"
"1149","#A10A60"
"1150","#ECF7A2"
"1151","#FDC279"
"1152","#144E8A"
"1153","#CEEAA9"
"1154","#A8D96B"
"1155","#471A74"
"1156","#ACDB6E"
"1157","#AADA6C"
"1158","#F8FCB4"
"1159","#FCE6C8"
"1160","#980F26"
"1161","#3A343A"
"1162","#92C858"
"1163","#D760A2"
"1164","#FDC885"
"1165","#9AD368"
"1166","#AFDB7C"
"1167","#BB2A33"
"1168","#69C3A4"
"1169","#BE6209"
"1170","#FAFDB8"
"1171","#4393C3"
"1172","#E8896D"
"1173","#9E0142"
"1174","#C94741"
"1175","#890A24"
"1176","#E797C4"
"1177","#C2393A"
"1178","#AB0526"
"1179","#F7CCE5"
"1180","#148E4B"
"1181","#3E2928"
"1182","#F8F2F5"
"1183","#FEFCBA"
"1184","#FBE1D1"
"1185","#F8C2A7"
"1186","#3C93B8"
"1187","#FEF2AA"
"1188","#4075B4"
"1189","#C5C3DF"
"1190","#C3DEEC"
"1191","#FEFCBB"
"1192","#529624"
"1193","#A0CCE2"
"1194","#FDD783"
"1195","#3A0D60"
"1196","#A8D0E4"
"1197","#579FC9"
"1198","#F8FCB5"
"1199","#4EB15D"
"1200","#15508D"
"1201","#FDC37B"
"1202","#063365"
"1203","#FDC171"
"1204","#562B89"
"1205","#FDC074"
"1206","#E48166"
"1207","#9D085E"
"1208","#65C1A5"
"1209","#7DCBA4"
"1210","#99D6A4"
"1211","#FEFEBE"
"1212","#F57948"
"1213","#E0F299"
"1214","#FAD7EA"
"1215","#E1E2EE"
"1216","#E285B8"
"1217","#FDCC8D"
"1218","#FDD29A"
"1219","#B1DE71"
"1220","#FDC272"
"1221","#DD7059"
"1222","#870A24"
"1223","#C6413E"
"1224","#F99154"
"1225","#A60C65"
"1226","#17934D"
"1227","#FCA85E"
"1228","#C0E47B"
"1229","#4A97C5"
"1230","#95D4A4"
"1231","#4E217F"
"1232","#F7834D"
"1233","#FEE18D"
"1234","#A2D769"
"1235","#715AA0"
"1236","#C53F3D"
"1237","#FDD683"
"1238","#E95C47"
"1239","#753478"
"1240","#41146B"
"1241","#3C7AB6"
"1242","#3485BB"
"1243","#FEE797"
"1244","#D968A6"
"1245","#CE374D"
"1246","#F7844D"
"1247","#F36C42"
"1248","#D96953"
"1249","#F6B597"
"1250","#FEFAB6"
"1251","#E48DBD"
"1252","#644897"
"1253","#F6F6F5"
"1254","#F8F2EE"
"1255","#34741B"
"1256","#5E4EA1"
"1257","#4EA7AF"
"1258","#B6D7E8"
"1259","#DC3C2C"
"1260","#C82984"
"1261","#0E4179"
"1262","#65004F"
"1263","#AC162A"
"1264","#BDE4A0"
"1265","#7D2C6B"
"1266","#884007"
"1267","#E48B21"
"1268","#6EAE36"
"1269","#E7F5D3"
"1270","#FA9E59"
"1271","#476CAF"
"1272","#D7EEB8"
"1273","#B50F26"
"1274","#820823"
"1275","#533727"
"1276","#86225C"
"1277","#F9C7AE"
"1278","#E45648"
"1279","#A95206"
"1280","#ACD977"
"1281","#EB9733"
"1282","#D83227"
"1283","#7D6EAA"
"1284","#725BA1"
"1285","#E8F5D5"
"1286","#FCAB5F"
"1287","#FDD17E"
"1288","#D42D26"
"1289","#0F8445"
"1290","#FDBA6B"
"1291","#C2197A"
"1292","#A6CFE3"
"1293","#FDCE7C"
"1294","#624999"
"1295","#F47245"
"1296","#2970B1"
"1297","#BDB9D9"
"1298","#E14530"
"1299","#E38ABB"
"1300","#D24B96"
"1301","#ADDA79"
"1302","#A5D46F"
"1303","#71B138"
"1304","#958ABC"
"1305","#613E92"
"1306","#FEF4AD"
"1307","#7B2D6E"
"1308","#9FCBE1"
"1309","#026B38"
"1310","#53ADAD"
"1311","#FA9B58"
"1312","#348BBB"
"1313","#7E2A68"
"1314","#940457"
"1315","#FAB35C"
"1316","#94CA5B"
"1317","#EBF5DC"
"1318","#158F4B"
"1319","#155231"
"1320","#6F3913"
"1321","#6EC5A4"
"1322","#EAF6A3"
"1323","#53B45E"
"1324","#4F004D"
"1325","#32711B"
"1326","#3583BB"
"1327","#3A91B9"
"1328","#185494"
"1329","#F4F5F6"
"1330","#FEECA0"
"1331","#C4C1DD"
"1332","#D6ED89"
"1333","#740421"
"1334","#84CA66"
"1335","#70B038"
"1336","#D93529"
"1337","#C8E880"
"1338","#B6B0D5"
"1339","#BA2933"
"1340","#5C0B21"
"1341","#D2750F"
"1342","#FEF1A7"
"1343","#5C51A2"
"1344","#F57948"
"1345","#B7E1A1"
"1346","#461973"
"1347","#F5AC8C"
"1348","#9CCAE1"
"1349","#64BC62"
"1350","#4190C1"
"1351","#FDC783"
"1352","#98D5A4"
"1353","#D14794"
"1354","#D6EE9B"
"1355","#8BC44F"
"1356","#4969AE"
"1357","#FA9857"
"1358","#90164A"
"1359","#B2182B"
"1360","#7A2F70"
"1361","#D6614E"
"1362","#C4E69A"
"1363","#CFE4EF"
"1364","#124984"
"1365","#44881F"
"1366","#5DB8A8"
"1367","#DCF0C0"
"1368","#569926"
"1369","#D33C4E"
"1370","#F57B49"
"1371","#D6604D"
"1372","#063263"
"1373","#FEEEA3"
"1374","#F5F5F6"
"1375","#B92631"
"1376","#51ABAE"
"1377","#F9D5E9"
"1378","#3A88BD"
"1379","#DB6D57"
"1380","#FCDDED"
"1381","#EDF5E0"
"1382","#FCE5C5"
"1383","#283346"
"1384","#CA6E0D"
"1385","#FDDF8A"
"1386","#B9D8E9"
"1387","#515FA9"
"1388","#603C92"
"1389","#FBA65D"
"1390","#C1E595"
"1391","#E78F28"
"1392","#974807"
"1393","#74C7A4"
"1394","#4BA4B1"
"1395","#FCDCC9"
"1396","#F6B394"
"1397","#0F447C"
"1398","#87C14B"
"1399","#EAF69F"
"1400","#BBDAE9"
"1401","#488C20"
"1402","#FEF5AE"
"1403","#DF8113"
"1404","#E2E4EF"
"1405","#DEF199"
"1406","#446FB1"
"1407","#9B075C"
"1408","#F57446"
"1409","#6F004F"
"1410","#1F62A6"
"1411","#FDDDB0"
"1412","#3D1065"
"1413","#FDBD6F"
"1414","#DAEF8C"
"1415","#299F53"
"1416","#62A42E"
"1417","#51004D"
"1418","#DFE1ED"
"1419","#AEDC6F"
"1420","#FBE5F0"
"1421","#E99EC9"
"1422","#6A418C"
"1423","#525EA9"
"1424","#D0EC9C"
"1425","#519624"
"1426","#FA9957"
"1427","#2D004C"
"1428","#FDD39B"
"1429","#F9D2E8"
"1430","#FCE0EF"
"1431","#DF755D"
"1432","#ECA6CF"
"1433","#F8CFE6"
"1434","#A90326"
"1435","#F8BFA4"
"1436","#D04593"
"1437","#4173B3"
"1438","#FCE6C7"
"1439","#AFDD70"
"1440","#249D52"
"1441","#A70126"
"1442","#FBE0D0"
"1443","#583723"
"1444","#320553"
"1445","#E6F5D0"
"1446","#F67D4A"
"1447","#65A630"
"1448","#E0E1EE"
"1449","#FDBB6C"
"1450","#F88C51"
"1451","#E88B6E"
"1452","#6A4D9A"
"1453","#36095A"
"1454","#760421"
"1455","#3F8EC0"
"1456","#F6814C"
"1457","#FEF9B5"
"1458","#FDFEBC"
"1459","#F8F1ED"
"1460","#E07FB3"
"1461","#1F63A8"
"1462","#B51E2E"
"1463","#B2DE72"
"1464","#F5AF8E"
"1465","#FCE4C3"
"1466","#ECF5DE"
"1467","#D0EBAE"
"1468","#57004E"
"1469","#FDD27F"
"1470","#EAF5D9"
"1471","#5B004E"
"1472","#823C07"
"1473","#FEF6B0"
"1474","#E0775E"
"1475","#0C3E75"
"1476","#FDBB6C"
"1477","#397A1C"
"1478","#EFB0D6"
"1479","#9FD669"
"1480","#F57848"
"1481","#F7F6F6"
"1482","#C01A26"
"1483","#FEEDA1"
"1484","#FEE899"
"1485","#FDC876"
"1486","#E4F39A"
"1487","#FDC776"
"1488","#D63F4E"
"1489","#FAD7EA"
"1490","#FDCD7B"
"1491","#F7FBB4"
"1492","#C7E77F"
"1493","#8D0C25"
"1494","#B81226"
"1495","#F1B7DA"
"1496","#4A1D78"
"1497","#F2FAAB"
"1498","#E3F3CB"
"1499","#B3126F"
"1500","#18944E"
"1501","#FEE99A"
"1502","#E3F398"
"1503","#D0E4EF"
"1504","#6D004F"
"1505","#4695C4"
"1506","#F7F4F3"
"1507","#654694"
"1508","#A0D169"
"1509","#5BB6A9"
"1510","#04703B"
"1511","#81BAD8"
"1512","#085F34"
"1513","#F4C3E0"
"1514","#FDCB79"
"1515","#92D3A4"
"1516","#C86B0C"
"1517","#843D07"
"1518","#FCE0EF"
"1519","#9B91C0"
"1520","#D8424D"
"1521","#80BD43"
"1522","#CB4B43"
"1523","#C03538"
"1524","#1D5FA3"
"1525","#F16840"
"1526","#C6DFEC"
"1527","#88BEDA"
"1528","#A3DAA4"
"1529","#E68569"
"1530","#5A9D29"
"1531","#49362F"
"1532","#F8D0E7"
"1533","#A31328"
"1534","#BE1878"
"1535","#F7B99B"
"1536","#118747"
"1537","#E24731"
"1538","#22452E"
"1539","#B01546"
"1540","#006937"
"1541","#F67F4B"
"1542","#FDAF61"
"1543","#D7634F"
"1544","#8E4307"
"1545","#9C075D"
"1546","#B92732"
"1547","#FEE594"
"1548","#F9B25A"
"1549","#EDAAD1"
"1550","#D25949"
"1551","#920D25"
"1552","#E65035"
"1553","#C5690B"
"1554","#A24E06"
"1555","#398FB9"
"1556","#ABD876"
"1557","#B6212F"
"1558","#559EC9"
"1559","#EA5939"
"1560","#56B0AC"
"1561","#D96752"
"1562","#9ACD62"
"1563","#FDE0B8"
"1564","#FDDFB5"
"1565","#B95D07"
"1566","#EE6445"
"1567","#EEF5E3"
"1568","#F8B057"
"1569","#046F3B"
"1570","#FEF1A7"
"1571","#D15648"
"1572","#0D8144"
"1573","#CCCBE3"
"1574","#3AA758"
"1575","#4272B2"
"1576","#F8D1E7"
"1577","#F0F6E7"
"1578","#D5579C"
"1579","#ADD2E5"
"1580","#F8F2F5"
"1581","#E388BA"
"1582","#95C7DF"
"1583","#AC0F69"
"1584","#F7F6F6"
"1585","#E58267"
"1586","#A40843"
"1587","#8073AC"
"1588","#0E8244"
"1589","#900153"
"1590","#E08316"
"1591","#F7F4EF"
"1592","#FCFDBA"
"1593","#80CCA4"
"1594","#9E4C06"
"1595","#6D011F"
"1596","#EDA8D0"
"1597","#7EBB40"
"1598","#F67D4A"
"1599","#8E184C"
"1600","#FCD5BF"
"1601","#76B43B"
"1602","#0D5A33"
"1603","#5B3722"
"1604","#F7874F"
"1605","#C5E79E"
"1606","#C1E47B"
"1607","#FDC680"
"1608","#5A338D"
"1609","#763A0D"
"1610","#998FBF"
"1611","#B45906"
"1612","#F8EFE9"
"1613","#FDDB87"
"1614","#F9EFF4"
"1615","#F7BA9D"
"1616","#BFE492"
"1617","#175392"
"1618","#F8F0EB"
"1619","#654596"
"1620","#57B1AB"
"1621","#CC344D"
"1622","#3885BC"
"1623","#F8FCB5"
"1624","#DDF1C2"
"1625","#FEF0A6"
"1626","#4B8F20"
"1627","#AA5306"
"1628","#FA9F5A"
"1629","#ACA5CE"
"1630","#78B63C"
"1631","#C4C2DE"
"1632","#378EBA"
"1633","#5954A4"
"1634","#3C7D1D"
"1635","#964807"
"1636","#114781"
"1637","#6CC063"
"1638","#BC6109"
"1639","#60BCA7"
"1640","#08376B"
"1641","#FAEAD4"
"1642","#F9EDDC"
"1643","#990D3A"
"1644","#BE3036"
"1645","#C7E79E"
"1646","#968BBC"
"1647","#B8E186"
"1648","#C1284A"
"1649","#E9F5D8"
"1650","#DEDFED"
"1651","#FEF7B1"
"1652","#A70D66"
"1653","#F7B89A"
"1654","#B7D8E8"
"1655","#EEF3F5"
"1656","#A40026"
"1657","#FEFEBE"
"1658","#F1F4F6"
"1659","#C1650A"
"1660","#FDBC6D"
"1661","#B35806"
"1662","#D7E8F1"
"1663","#A04D06"
"1664","#FDCB8C"
"1665","#4B66AD"
"1666","#EAA1CB"
"1667","#E7886C"
"1668","#FBA35C"
"1669","#76C464"
"1670","#FDC070"
"1671","#6A3917"
"1672","#E9F69D"
"1673","#CE5146"
"1674","#FACCB4"
"1675","#F4F4F5"
"1676","#143155"
"1677","#FDD582"
"1678","#165290"
"1679","#E75237"
"1680","#D3EDB2"
"1681","#8B1B51"
"1682","#CFD0E5"
"1683","#B9B4D7"
"1684","#55B45E"
"1685","#73C7A4"
"1686","#FEFDBC"
"1687","#5FBBA7"
"1688","#700220"
"1689","#283E2D"
"1690","#481B75"
"1691","#113157"
"1692","#6CAC35"
"1693","#05723C"
"1694","#55AFAC"
"1695","#AD0F6A"
"1696","#D7414E"
"1697","#A14E06"
"1698","#C3670B"
"1699","#F0F6E8"
"1700","#48A0B2"
"1701","#F7F3EE"
"1702","#EC9374"
"1703","#810823"
"1704","#10467F"
"1705","#D7D8EA"
"1706","#FAE7DB"
"1707","#E6EFF4"
"1708","#E5F4CF"
"1709","#FEEEA2"
"1710","#FAE6DA"
"1711","#33004B"
"1712","#960558"
"1713","#0A7B41"
"1714","#B30D26"
"1715","#D45D4B"
"1716","#9F0960"
"1717","#61BDA6"
"1718","#FBD9EB"
"1719","#970559"
"1720","#E24832"
"1721","#93D067"
"1722","#BC2349"
"1723","#E9F0F4"
"1724","#6BAB34"
"1725","#D4D5E8"
"1726","#B4D6E7"
"1727","#7AC9A4"
"1728","#FBE4F0"
"1729","#A50943"
"1730","#DE3E2D"
"1731","#FCA85E"
"1732","#FDDC88"
"1733","#F57547"
"1734","#7AC565"
"1735","#D9EFBB"
"1736","#1A599A"
"1737","#DFF193"
"1738","#195797"
"1739","#DC3A2C"
"1740","#F9EEF3"
"1741","#FCE4C1"
"1742","#F8F1E8"
"1743","#C76A0C"
"1744","#EF6644"
"1745","#40831E"
"1746","#DC71AB"
"1747","#FCDDED"
"1748","#0E427B"
"1749","#FDDD89"
"1750","#307BB6"
"1751","#FBE3D5"
"1752","#FDDE89"
"1753","#B9E187"
"1754","#F0B3D8"
"1755","#CECEE4"
"1756","#9388BA"
"1757","#128948"
"1758","#43166E"
"1759","#F2F6ED"
"1760","#8174AD"
"1761","#AEDA7A"
"1762","#870051"
"1763","#E14631"
"1764","#C2E69F"
"1765","#FDBA6B"
"1766","#E85538"
"1767","#D8EE8A"
"1768","#92C5DE"
"1769","#3C89BE"
"1770","#F3FAAF"
"1771","#F36A42"
"1772","#F5C5E1"
"1773","#86CB66"
"1774","#8376AE"
"1775","#E0F295"
"1776","#C2383A"
"1777","#B91326"
"1778","#AB1529"
"1779","#DE735B"
"1780","#894007"
"1781","#E286B9"
"1782","#026536"
"1783","#509BC7"
"1784","#422427"
"1785","#941242"
"1786","#E3871C"
"1787","#F8F1F5"
"1788","#DB474C"
"1789","#A4D46D"
"1790","#AC1145"
"1791","#EBEBF2"
"1792","#B40E26"
"1793","#3B0E61"
"1794","#E7F5D3"
"1795","#65381A"
"1796","#F4F4F6"
"1797","#FDB863"
"1798","#44871F"
"1799","#CAE99D"
"1800","#7CB7D6"
"1801","#09386D"
"1802","#F8BDA1"
"1803","#FCD7C2"
"1804","#C42B4B"
"1805","#ACDDA3"
"1806","#FDD985"
"1807","#D12A26"
"1808","#481E26"
"1809","#39004B"
"1810","#F5A94D"
"1811","#ED9575"
"1812","#118848"
"1813","#FAFDB7"
"1814","#539725"
"1815","#75B33A"
"1816","#71C6A4"
"1817","#F0F8AB"
"1818","#E181B5"
"1819","#FCDDCA"
"1820","#DBF0BE"
"1821","#6FAFD2"
"1822","#FACBB2"
"1823","#A8D773"
"1824","#91C757"
"1825","#4E62AB"
"1826","#FCE3F0"
"1827","#BD1726"
"1828","#C4E79E"
"1829","#286519"
"1830","#A30B62"
"1831","#62A7CD"
"1832","#3C0F62"
"1833","#FCA75D"
"1834","#EEF8A4"
"1835","#E693C2"
"1836","#FCA75D"
"1837","#4B98C5"
"1838","#E95638"
"1839","#9DCF65"
"1840","#387FB8"
"1841","#F9D3E8"
"1842","#9ED569"
"1843","#F5FAB1"
"1844","#62381C"
"1845","#4370B2"
"1846","#FEF0A6"
"1847","#83BBD8"
"1848","#F3FAAD"
"1849","#B72330"
"1850","#EEAED4"
"1851","#FDC675"
"1852","#E9F5D7"
"1853","#FEF3AB"
"1854","#F3F5F6"
"1855","#EFF8A7"
"1856","#C6E77F"
"1857","#73B139"
"1858","#793A0B"
"1859","#63BB62"
"1860","#DCEAF2"
"1861","#FBE6F1"
"1862","#456EB0"
"1863","#B25706"
"1864","#8478AF"
"1865","#F47044"
"1866","#F1A243"
"1867","#FEF2AA"
"1868","#E2F297"
"1869","#154F8C"
"1870","#E65848"
"1871","#6F3B82"
"1872","#D5589D"
"1873","#BEE4A0"
"1874","#C1BDDB"
"1875","#413534"
"1876","#7CB93F"
"1877","#2A72B2"
"1878","#43861E"
"1879","#C0E59F"
"1880","#FDDD89"
"1881","#FEE696"
"1882","#C6690B"
"1883","#3D1064"
"1884","#DE402E"
"1885","#E5E6F0"
"1886","#0B5C34"
"1887","#9C4B06"
"1888","#F99555"
"1889","#488C1F"
"1890","#8D82B6"
"1891","#984907"
"1892","#A3D769"
"1893","#CD3A8D"
"1894","#D3ED9B"
"1895","#053060"
"1896","#0C305B"
"1897","#FDBD6E"
"1898","#51B35D"
"1899","#8EC2DC"
"1900","#AA0E44"
"1901","#924507"
"1902","#D4E6F0"
"1903","#E692C1"
"1904","#B11646"
"1905","#C7C5E0"
"1906","#35751B"
"1907","#FEE593"
"1908","#BBE277"
"1909","#174F31"
"1910","#8A1D54"
"1911","#B91F48"
"1912","#FDFEBC"
"1913","#5B52A3"
"1914","#44176F"
"1915","#5C368F"
"1916","#555AA7"
"1917","#881F56"
"1918","#F5FBAF"
"1919","#FBE7CC"
"1920","#F4A683"
"1921","#E3F4CC"
"1922","#E7EFF4"
"1923","#C33B3B"
"1924","#FA9857"
"1925","#EFF6E6"
"1926","#9A4A06"
"1927","#310452"
"1928","#2D6B1A"
"1929","#7FC865"
"1930","#053062"
"1931","#F1F6EB"
"1932","#FDD985"
"1933","#C8443F"
"1934","#C61F26"
"1935","#E99BC7"
"1936","#FBE8CF"
"1937","#F9C8AF"
"1938","#D35199"
"1939","#4D1A25"
"1940","#AE5506"
"1941","#F5AE8D"
"1942","#429AB5"
"1943","#FDD481"
"1944","#FDB466"
"1945","#AA0E68"
"1946","#F8F0F4"
"1947","#FEE594"
"1948","#CEE3EF"
"1949","#5FA12C"
"1950","#D1ECAF"
"1951","#94C6DE"
"1952","#55004D"
"1953","#8C4207"
"1954","#F6F6F6"
"1955","#3DA958"
"1956","#FEEDA1"
"1957","#108646"
"1958","#CA2F87"
"1959","#F8F1F5"
"1960","#F9EBF3"
"1961","#FBE0CF"
"1962","#F7F5F3"
"1963","#CFEA84"
"1964","#FEF5AF"
"1965","#DAF09A"
"1966","#3FAA59"
"1967","#8F0C25"
"1968","#3288BC"
"1969","#509523"
"1970","#ADDDA3"
"1971","#BCE3A0"
"1972","#8C0B24"
"1973","#EE603D"
"1974","#F2A07E"
"1975","#B61026"
"1976","#F46E43"
"1977","#A34F06"
"1978","#FAE5D8"
"1979","#8A4107"
"1980","#D9454D"
"1981","#45AD5A"
"1982","#AC5406"
"1983","#FEE08B"
"1984","#DBEF8D"
"1985","#D9DBEB"
"1986","#FCB661"
"1987","#887CB2"
"1988","#AFA7CF"
"1989","#FAD6EA"
"1990","#FEF8B3"
"1991","#FEE696"
"1992","#F7BCA0"
"1993","#E07DB2"
"1994","#F6C9E3"
"1995","#296619"
"1996","#D6EEB7"
"1997","#330655"
"1998","#F8C1A5"
"1999","#A91529"
"2000","#E04330"
"2001","#FACEB6"
"2002","#FBA25B"
"2003","#EA5E46"
"2004","#EE623E"
"2005","#6DAD36"
"2006","#CB6F0D"
"2007","#FEE390"
"2008","#67BD63"
"2009","#954707"
"2010","#78C9A4"
"2011","#FEF8B4"
"2012","#FDB768"
"2013","#2CA054"
"2014","#0A305D"
"2015","#EBF79F"
"2016","#F7F5F6"
"2017","#FEEFA5"
"2018","#FEF4AD"
"2019","#D86651"
"2020","#F7FCB4"
"2021","#FBD2BC"
"2022","#D37610"
"2023","#FBD0B9"
"2024","#337DB8"
"2025","#F8EFF4"
"2026","#E8F69C"
"2027","#F7F5F6"
"2028","#CCCCE3"
"2029","#7E0722"
"2030","#97D268"
"2031","#99C9E0"
"2032","#F4FAAF"
"2033","#1F9A51"
"2034","#3784BB"
"2035","#FDB365"
"2036","#33332A"
"2037","#FDCC7A"
"2038","#478B1F"
"2039","#FCE3C0"
"2040","#6F579E"
"2041","#FA9B58"
"2042","#F8F0F4"
"2043","#C0BCDB"
"2044","#A61429"
"2045","#347FB9"
"2046","#4D9221"
"2047","#D3E6F0"
"2048","#BF1878"
"2049","#390C5D"
"2050","#6CADD1"
"2051","#39791C"
"2052","#D9EF9A"
"2053","#FDDEB3"
"2054","#BFE59F"
"2055","#ED9C3A"
"2056","#BF3237"
"2057","#FDD884"
"2058","#3F8DC0"
"2059","#FDD380"
"2060","#1A5A9B"
"2061","#F7874F"
"2062","#C9C8E1"
"2063","#EAF6A2"
"2064","#FAD8EB"
"2065","#D3EC87"
"2066","#FACDB5"
"2067","#E4E5EF"
"2068","#9F0630"
"2069","#58B2AB"
"2070","#8A0B24"
"2071","#EEACD3"
"2072","#0F457E"
"2073","#F4A582"
"2074","#37A657"
"2075","#F0653F"
"2076","#FCE2EF"
"2077","#FDD07D"
"2078","#9D93C2"
"2079","#CFEBAB"
"2080","#97CB5E"
"2081","#FEF3AC"
"2082","#F1F6EA"
"2083","#6DC4A4"
"2084","#F88F52"
"2085","#E5F49B"
"2086","#20472F"
"2087","#5D4FA2"
"2088","#66001F"
"2089","#5060AA"
"2090","#FDC474"
"2091","#EF9B7A"
"2092","#F9ECF3"
"2093","#FDC987"
"2094","#F8EFEA"
"2095","#6D529C"
"2096","#F7F4F6"
"2097","#B9B3D6"
"2098","#F5B090"
"2099","#E2861A"
"2100","#67AACF"
"2101","#ABDB6D"
"2102","#EF6544"
"2103","#0A7A40"
"2104","#70589F"
"2105","#50B25D"
"2106","#F1F6E9"
"2107","#DA7D12"
"2108","#BA2048"
"2109","#EB9273"
"2110","#B4DE81"
"2111","#EBECF2"
"2112","#FEF5AF"
"2113","#69ABD0"
"2114","#E25249"
"2115","#4C1F7C"
"2116","#E795C3"
"2117","#C0264A"
"2118","#F1B8DB"
"2119","#6E0220"
"2120","#900D25"
"2121","#B51370"
"2122","#F7854E"
"2123","#FDDCAE"
"2124","#1A9850"
"2125","#A0D669"
"2126","#CCE9A6"
"2127","#E6F598"
"2128","#5E3990"
"2129","#CD388C"
"2130","#623F93"
"2131","#A1032B"
"2132","#F57546"
"2133","#C82F4B"
"2134","#9E95C3"
"2135","#DDF199"
"2136","#D35A4A"
"2137","#F2A345"
"2138","#FEEFA5"
"2139","#5BB760"
"2140","#0A396E"
"2141","#FA9F5A"
"2142","#A6D96A"
"2143","#BBE28C"
"2144","#3783BB"
"2145","#F3F6EE"
"2146","#D2EC86"
"2147","#9ED066"
"2148","#7C6DA9"
"2149","#1C3250"
"2150","#850051"
"2151","#C3C0DD"
"2152","#60BA61"
"2153","#F7F6F5"
"2154","#FDC575"
"2155","#F7BB9E"
"2156","#DDF091"
"2157","#FEE391"
"2158","#0B3D73"
"2159","#EA8E70"
"2160","#4896C4"
"2161","#DEF192"
"2162","#2A6819"
"2163","#DD7F13"
"2164","#F8EEE8"
"2165","#185595"
"2166","#FDBA68"
"2167","#F3F6EF"
"2168","#D4559B"
"2169","#84CDA4"
"2170","#E3E4EF"
"2171","#84BF47"
"2172","#F7F6F6"
"2173","#FAE8F1"
"2174","#A50C64"
"2175","#FEF1A9"
"2176","#FEEA9C"
"2177","#F88D52"
"2178","#F1F1F4"
"2179","#E4EEF3"
"2180","#F7F3F5"
"2181","#FEEFA4"
"2182","#A39AC7"
"2183","#18954E"
"2184","#B31A2C"
"2185","#BD1777"
"2186","#3A87BC"
"2187","#F4A987"
"2188","#1C4B30"
"2189","#8F84B8"
"2190","#E1514A"
"2191","#E54F35"
"2192","#E17A61"
"2193","#9FD8A4"
"2194","#FDDAAB"
"2195","#340756"
"2196","#B5D6E8"
"2197","#C3E57D"
"2198","#6D3E87"
"2199","#40AA59"
"2200","#07305E"
"2201","#8B80B4"
"2202","#3E95B7"
"2203","#3682BA"
"2204","#2F79B5"
"2205","#F0F9A8"
"2206","#A7D96A"
"2207","#FDD07D"
"2208","#FDC171"
"2209","#90CF67"
"2210","#E2E3EE"
"2211","#EE9D3B"
"2212","#3386BC"
"2213","#EBF5DD"
"2214","#B3ADD3"
"2215","#FBDCED"
"2216","#FDDBAC"
"2217","#FDE3BF"
"2218","#FEFBB9"
"2219","#EFF8A6"
"2220","#35343D"
"2221","#FDD884"
"2222","#F99555"
"2223","#F7F6F6"
"2224","#F8F3EC"
"2225","#96103F"
"2226","#FEECA0"
"2227","#E1504A"
"2228","#E85437"
"2229","#F5F6F6"
"2230","#802966"
"2231","#502382"
"2232","#BCE38D"
"2233","#E9932D"
"2234","#A00342"
"2235","#A75106"
"2236","#31362B"
"2237","#CAE1EE"
"2238","#790050"
"2239","#F6CAE4"
"2240","#307AB6"
"2241","#266DAF"
"2242","#EF9F3E"
"2243","#C96D0D"
"2244","#FCAA5F"
"2245","#DD715A"
"2246","#99065A"
"2247","#F7CBE4"
"2248","#F8F2EB"
"2249","#FDB163"
"2250","#AAD775"
"2251","#3D8BBF"
"2252","#E99DC8"
"2253","#5CB7A9"
"2254","#93C959"
"2255","#87CB66"
"2256","#684A98"
"2257","#306F1A"
"2258","#4F61AA"
"2259","#A81429"
"2260","#FDC474"
"2261","#FDCE7C"
"2262","#FAC9B1"
"2263","#4174B3"
"2264","#0B3C71"
"2265","#72C264"
"2266","#FDC373"
"2267","#D73027"
"2268","#CB4A42"
"2269","#96D268"
"2270","#35004B"
"2271","#E6EEF3"
"2272","#81BD44"
"2273","#7763A4"
"2274","#FDCD7B"
"2275","#DB484C"
"2276","#EF633E"
"2277","#C9314C"
"2278","#E6876B"
"2279","#D8DAEB"
"2280","#4F2281"
"2281","#108546"
"2282","#D24D97"
"2283","#9C92C1"
"2284","#E3F399"
"2285","#B51B47"
"2286","#AEDEA3"
"2287","#6C3915"
"2288","#E37F65"
"2289","#E3EDF3"
"2290","#F9EBE2"
"2291","#2FA255"
"2292","#1E9951"
"2293","#3F1267"
"2294","#6E549D"
"2295","#FEE492"
"2296","#4AA3B1"
"2297","#CF2826"
"2298","#036D3A"
"2299","#CC4D44"
"2300","#FDC272"
"2301","#D3D3E7"
"2302","#F9F0E3"
"2303","#45891F"
"2304","#FCD6C0"
"2305","#F3BEDE"
"2306","#A6DBA4"
"2307","#EEF6E4"
"2308","#BC1626"
"2309","#E7F59A"
"2310","#7D0050"
"2311","#AFDEA3"
"2312","#32A356"
"2313","#BA5E08"
"2314","#C2DDEB"
"2315","#A70B44"
"2316","#FEE18E"
"2317","#50AAAE"
"2318","#FCE1EF"
"2319","#FDC373"
"2320","#7E70AA"
"2321","#FDE2BC"
"2322","#E7F59F"
"2323","#FDDF8A"
"2324","#D9EF8B"
"2325","#69004F"
"2326","#F2BCDD"
"2327","#7967A6"
"2328","#AD0726"
"2329","#DAE9F1"
"2330","#BAB5D7"
"2331","#DB382A"
"2332","#BF1926"
"2333","#D2E5F0"
"2334","#94D168"
"2335","#D4EDB4"
"2336","#FDB869"
"2337","#A4D869"
"2338","#C53E3D"
"2339","#F4C3E0"
"2340","#3781B9"
"2341","#EEF5E2"
"2342","#F2BCDD"
"2343","#FEE391"
"2344","#C4680B"
"2345","#D1EB86"
"2346","#CAE881"
"2347","#EDF7A3"
"2348","#F7884F"
"2349","#FEE695"
"2350","#DE4C4B"
"2351","#DBDDEC"
"2352","#F7F6F4"
"2353","#620420"
"2354","#F8F1E6"
"2355","#8AD0A4"
"2356","#7968A7"
"2357","#C7E0ED"
"2358","#D62F26"
"2359","#FEEEA3"
"2360","#F5AB8A"
"2361","#4191C2"
"2362","#38781C"
"2363","#229C52"
"2364","#CAC9E2"
"2365","#ADA6CE"
"2366","#A01228"
"2367","#B41D2D"
"2368","#68001F"
"2369","#64A8CE"
"2370","#EFEFF3"
"2371","#FCE3F0"
"2372","#E45549"
"2373","#E1ECF3"
"2374","#B0D4E6"
"2375","#FDB062"
"2376","#FBE7CB"
"2377","#853E07"
"2378","#26402D"
"2379","#C51B7D"
"2380","#F3A74A"
"2381","#C52D4B"
"2382","#8B0051"
"2383","#61004E"
"2384","#D75EA1"
"2385","#E07860"
"2386","#006736"
"2387","#451872"
"2388","#C9E99D"
"2389","#DF7CB1"
"2390","#EDF5E0"
"2391","#B3DE72"
"2392","#2E6D1A"
"2393","#B1A9D1"
"2394","#EEF8A5"
"2395","#23324A"
"2396","#3580B9"
"2397","#2166AC"
"2398","#F4F6F1"
"2399","#D5ED88"
"2400","#E591C0"
"2401","#C6E79D"
"2402","#F26A43"
"2403","#914507"
"2404","#A9DCA4"
"2405","#073467"
"2406","#4FA9AF"
"2407","#5EB961"
"2408","#ECF7A5"
"2409","#FDB869"
"2410","#7F72AB"
"2411","#74B23A"
"2412","#783173"
"2413","#3986BC"
"2414","#1E61A5"
"2415","#7BC665"
"2416","#592F8C"
"2417","#FDDA86"
"2418","#F99154"
"2419","#EDF2F5"
"2420","#B7E084"
"2421","#B5DF83"
"2422","#74B2D3"
"2423","#FDC175"
"2424","#F9FCB6"
"2425","#FCFEBB"
"2426","#FBE7F1"
"2427","#BC2D35"
"2428","#073568"
"2429","#B1D4E6"
"2430","#FEE28F"
"2431","#A65106"
"2432","#C8C6E0"
"2433","#A69EC9"
"2434","#D862A3"
"2435","#F3F3F5"
"2436","#BB2149"
"2437","#FBDAEC"
"2438","#897DB3"
"2439","#80B9D7"
"2440","#F6F6F6"
"2441","#F7AD54"
"2442","#FDAE61"
"2443","#AAD1E5"
"2444","#8DC1DC"
"2445","#5A53A4"
"2446","#3F004C"
"2447","#F06744"
"2448","#F0A040"
"2449","#FDBF72"
"2450","#2B74B3"
"2451","#920355"
"2452","#FCAB5F"
"2453","#2D004B"
"2454","#FDDEB2"
"2455","#542888"
"2456","#5E0821"
"2457","#C72582"
"2458","#D43D4E"
"2459","#F0643F"
"2460","#4BB05C"
"2461","#A9DA6C"
"2462","#84245E"
"2463","#BBB6D8"
"2464","#C2294A"
"2465","#D0D1E6"
"2466","#DB7D12"
"2467","#FDD49D"
"2468","#85CEA4"
"2469","#D4ED88"
"2470","#43004C"
"2471","#F9E9E0"
"2472","#B81E48"
"2473","#FBE6F1"
"2474","#0A3B70"
"2475","#E58EBE"
"2476","#A55006"
"2477","#E6E7F0"
"2478","#2AA054"
"2479","#E48A1F"
"2480","#72377D"
"2481","#9DCBE1"
"2482","#B2DFA2"
"2483","#2065AB"
"2484","#DD75AD"
"2485","#F4F6F0"
"2486","#F6F6F6"
"2487","#F8F2EA"
"2488","#730320"
"2489","#EEEEF3"
"2490","#67C2A4"
"2491","#BB1675"
"2492","#A80226"
"2493","#194D30"
"2494","#C5E67E"
"2495","#60381E"
"2496","#F9EDF3"
"2497","#A198C5"
"2498","#FEE695"
"2499","#5A318C"
"2500","#8C81B5"
"2501","#F8F0F4"
"2502","#F89053"
"2503","#B5AFD4"
"2504","#F4FAB0"
"2505","#2E014D"
"2506","#BA5F08"
"2507","#D45C4B"
"2508","#4E9322"
"2509","#B7E075"
"2510","#134B87"
"2511","#A59DC8"
"2512","#B82431"
"2513","#64A530"
"2514","#F78950"
"2515","#8DC552"
"2516","#F9E9DF"
"2517","#EB6046"
"2518","#6C509B"
"2519","#CE2726"
"2520","#A20A61"
"2521","#3F76B4"
"2522","#D0384D"
"2523","#CDCDE4"
"2524","#FEEFA4"
"2525","#DE79B0"
"2526","#EB5A3A"
"2527","#193152"
"2528","#1E324E"
"2529","#4C65AC"
"2530","#2D3A2C"
"2531","#570F22"
"2532","#3E78B5"
"2533","#B8B2D6"
"2534","#A9A1CB"
"2535","#F4C2E0"
"2536","#A79FCA"
"2537","#3B89BD"
"2538","#FEFEBD"
"2539","#ACD2E5"
"2540","#DE8013"
"2541","#DBDCEC"
"2542","#ED9677"
"2543","#EB9172"
"2544","#FEF8B3"
"2545","#CA4841"
"2546","#2268AD"
"2547","#5CB860"
"2548","#CBE9A4"
"2549","#259D52"
"2550","#5AB5AA"
"2551","#F8F1E7"
"2552","#F88D52"
"2553","#850923"
"2554","#8EC654"
"2555","#9A1027"
"2556","#A8DBA4"
"2557","#59B3AA"
"2558","#19964F"
"2559","#4D63AB"
"2560","#FCDFCE"
"2561","#FEFEBE"
"2562","#F2F4F6"
"2563","#C2E597"
"2564","#FBA45C"
"2565","#67004F"
"2566","#AF172A"
"2567","#FDC070"
"2568","#64021F"
"2569","#32343F"
"2570","#E8F5D6"
"2571","#FDCB79"
"2572","#4B004D"
"2573","#F2A447"
"2574","#B2DD7F"
"2575","#61A32E"
"2576","#F2BBDC"
"2577","#FDD5A0"
"2578","#FEFEBD"
"2579","#58B65F"
"2580","#32721B"
"2581","#DC494C"
"2582","#FEE797"
"2583","#FDD481"
"2584","#FBA05A"
"2585","#EAEBF2"
"2586","#BEBADA"
"2587","#DA464C"
"2588","#CDEA9D"
"2589","#D9444D"
"2590","#FAEAF2"
"2591","#A2D9A4"
"2592","#3BA858"
"2593","#303341"
"2594","#EA9FCA"
"2595","#FAE4D7"
"2596","#FEEEA2"
"2597","#FBFDBA"
"2598","#FBE8CD"
"2599","#FDCF93"
"2600","#539DC8"
"2601","#F6814C"
"2602","#C9E8A1"
"2603","#EF9E3D"
"2604","#F2F6EC"
"2605","#EFAFD5"
"2606","#4292C2"
"2607","#FDC876"
"2608","#FAE8DE"
